global_step,eps,precision,zo_quantization_bits,fd_mean,td_mean,td_u2_mean_debug,mae,mse,rmse,sign_acc,corr,mae_u2_debug,mse_u2_debug,rmse_u2_debug,sign_acc_u2_debug,corr_u2_debug,probe_num_seeds
200,0.0003,fp16,8,-84.43196338415146,-37.60326635092497,-37.08783762156963,81.97604311257601,10650.109320935142,103.19936686305368,0.8125,0.8541855717876929,81.66218014061451,10681.020258401124,103.3490215647982,0.8125,0.858181115886296,16
400,0.0003,fp16,8,-60.42480027675629,-34.75970804691315,-35.69427466392517,127.96284222602844,21668.020022044242,147.20061148665192,0.8125,0.5834995286689167,128.57216918468475,21907.81086541237,148.01287398538133,0.8125,0.577110536348485,16
600,0.0003,fp16,8,82.6009088754654,22.070706963539124,21.556730270385742,170.36665749549866,42249.572720247,205.5470085412264,0.5625,0.5751888151545935,169.49261057376862,41668.85972062009,204.12951702441293,0.5625,0.5870816512140173,16
800,0.0003,fp16,8,-189.8193335533142,-60.040680050849915,-58.30157974362373,215.52853047847748,80427.48925483828,283.59740699597074,0.8125,0.3814775195012582,216.03662607073784,80965.37740994635,284.5441572233497,0.8125,0.38238479553020255,16
1000,0.0003,fp16,8,-22.786455154418945,69.8357104063034,68.96270096302032,331.95450603961945,163274.6490389801,404.0725789248512,0.6875,0.23150129255153887,331.35011184215546,161904.01412140502,402.37297886588385,0.6875,0.23521148000090858,16
1200,0.0003,fp16,8,151.5706377029419,-102.37625670433044,-97.74972605705261,497.7301757335663,481431.4571088392,693.8526191554221,0.6875,0.18816500428721952,496.40960478782654,478329.1726494783,691.6134560934152,0.6875,0.18971464836309454,16
1400,0.0003,fp16,8,76.0904957652092,-228.49544143676758,-223.2084389925003,905.6741027235985,1299061.483279417,1139.7637839830747,0.375,-0.3054654161496822,903.9456005692482,1303095.580203321,1141.5321196546863,0.375,-0.31450757074479846,16
1600,0.0003,fp16,8,-260.41664123535156,-492.9150673151016,-505.14120292663574,1318.060672879219,2861093.9492148636,1691.47685447211,0.5625,-0.14502149927806307,1345.549584388733,2955433.326500167,1719.1373786001418,0.5,-0.1714222000912222,16
1800,0.0003,fp16,8,101.11489820480347,-1119.3992395401,-1097.1867427825928,2928.2672209739685,12296910.995318111,3506.695167150705,0.5,0.2090947646315434,2939.166525363922,12396260.193110969,3520.8323153923375,0.5,0.22156139969085237,16
