group,model,dataset,seed,G_method,h_G,G_hat,alignment_eff,norm_ratio_eff,zero_coord_frac_eff,corr_h_2h,sign_flip_rate_h_2h,stability_score,fallback_flags,source_output_dir
A_seed,roberta-large,sst-5,16,absG_candidate,1e-05,13.65577127345046,0.7952798800687139,0.9663967046239136,0.5935504604028912,nan,nan,0.8218738757102637,candidate_not_primary_pass,analysis/fp16_direct_hstar_mse_roberta_20260520_180346
A_seed,roberta-large,sst-5,16,absG_candidate,3e-05,13.376878789382907,0.9414161319626088,1.0197379243485947,0.30571003948927145,nan,nan,0.37403183187525735,candidate_not_primary_pass,analysis/fp16_direct_hstar_mse_roberta_20260520_180346
A_seed,roberta-large,sst-5,16,absG_candidate,0.0001,13.645312805297927,0.992127168628137,1.0072306819845056,0.10904313159322082,nan,nan,0.11627381357772643,candidate_not_primary_pass,analysis/fp16_direct_hstar_mse_roberta_20260520_180346
A_seed,roberta-large,sst-5,16,absG_candidate,0.0003,13.599494754343972,0.9991116409810068,1.0008757062392393,0.037379652525847906,nan,nan,0.03825535876508718,,analysis/fp16_direct_hstar_mse_roberta_20260520_180346
A_seed,roberta-large,sst-5,16,absG_candidate,0.001,13.40148109065601,0.9999226803374133,1.0000805859329596,0.011256094435023435,0.9949710842186484,0.0,0.011336680367983,,analysis/fp16_direct_hstar_mse_roberta_20260520_180346
A_seed,roberta-large,sst-5,16,absG_candidate,0.0015,13.06073423780062,0.9999662333749548,1.0000346041906913,0.007504832068387466,0.9833700745298916,0.03125,0.007539436259078811,,analysis/fp16_direct_hstar_mse_roberta_20260520_180346
A_seed,roberta-large,sst-5,16,absG_candidate,0.002,12.60551696090429,0.9999812776795343,1.000022525379893,0.005628331267930322,0.9677006098188845,0.0625,0.005650856647823213,,analysis/fp16_direct_hstar_mse_roberta_20260520_180346
A_seed,roberta-large,sst-5,16,absG_candidate,0.003,11.829050403922647,0.9999918574920268,1.0000081935068248,0.0037515568353007796,nan,nan,0.0037597503421255736,,analysis/fp16_direct_hstar_mse_roberta_20260520_180346
A_seed,roberta-large,sst-5,16,absG_candidate,0.004,11.322113511900575,0.999995500730309,1.0000087216310791,0.0028138870990886654,nan,nan,0.002822608730167788,,analysis/fp16_direct_hstar_mse_roberta_20260520_180346
A_seed,roberta-large,sst-5,16,absG_candidate,0.005,10.880347817137574,0.9999971541759467,1.000003155346361,0.002251458996937825,-0.13661600604824686,0.59375,1.5326206203915458,candidate_not_primary_pass,analysis/fp16_direct_hstar_mse_roberta_20260520_180346
A_seed,roberta-large,sst-5,16,absG_candidate,0.01,7.192169023146749,0.9999993025990431,1.0000010143344875,0.0011251944908843557,nan,nan,0.0011262088253718703,,analysis/fp16_direct_hstar_mse_roberta_20260520_180346
A_seed,roberta-large,sst-5,16,absG,0.0003,13.599494754343972,0.9991116409810068,1.0008757062392393,0.037379652525847906,nan,nan,0.03825535876508718,,analysis/fp16_direct_hstar_mse_roberta_20260520_180346
A_seed,roberta-large,sst-5,16,absG_fixed_0.0003,0.0003,13.599494754343972,,,,,,,diagnostic_only,analysis/fp16_direct_hstar_mse_roberta_20260520_180346
A_seed,roberta-large,sst-5,16,absG_fixed_0.001,0.001,13.40148109065601,,,,,,,diagnostic_only,analysis/fp16_direct_hstar_mse_roberta_20260520_180346
A_seed,roberta-large,sst-5,16,richardsonG_candidate,0.001,13.666802467239918,,,,,,,diagnostic_only,analysis/fp16_direct_hstar_mse_roberta_20260520_180346
A_seed,roberta-large,sst-5,17,absG_candidate,1e-05,17.973624553567728,0.7952718506898574,0.9663539742463418,0.593568694478684,nan,nan,0.8219428695424847,candidate_not_primary_pass,analysis/fp16_direct_hstar_mse_roberta_20260520_180346
A_seed,roberta-large,sst-5,17,absG_candidate,3e-05,18.252517037635275,0.9414135903473824,1.0197213956441749,0.30572565674675256,nan,nan,0.37403346204354504,candidate_not_primary_pass,analysis/fp16_direct_hstar_mse_roberta_20260520_180346
A_seed,roberta-large,sst-5,17,absG_candidate,0.0001,18.48160729240505,0.99212605130294,1.0072246103864757,0.10904282302928173,nan,nan,0.11626743341575743,candidate_not_primary_pass,analysis/fp16_direct_hstar_mse_roberta_20260520_180346
A_seed,roberta-large,sst-5,17,absG_candidate,0.0003,18.308295534448792,0.9991116367772549,1.0008759027476775,0.03738056626732393,nan,nan,0.03825646901500139,,analysis/fp16_direct_hstar_mse_roberta_20260520_180346
A_seed,roberta-large,sst-5,17,absG_candidate,0.001,18.072083560889432,0.9999226847822152,1.000080531749771,0.01125572366802612,0.9982574757946684,0.0625,0.011336255417797082,,analysis/fp16_direct_hstar_mse_roberta_20260520_180346
A_seed,roberta-large,sst-5,17,absG_candidate,0.0015,17.783878059943195,0.9999662305824774,1.000034508258862,0.00750609972381548,0.9938648558430657,0.03125,0.007540607982677456,,analysis/fp16_direct_hstar_mse_roberta_20260520_180346
A_seed,roberta-large,sst-5,17,absG_candidate,0.002,17.393403681133975,0.9999812794439209,1.0000225721480804,0.005630125044791717,0.9810495139854352,0.0,0.005652697192872152,,analysis/fp16_direct_hstar_mse_roberta_20260520_180346
A_seed,roberta-large,sst-5,17,absG_candidate,0.003,16.42631909151509,0.9999918580033103,1.000008127837246,0.0037528260228238235,nan,nan,0.0037609538600697316,,analysis/fp16_direct_hstar_mse_roberta_20260520_180346
A_seed,roberta-large,sst-5,17,absG_candidate,0.004,15.117641011142757,0.9999954974403575,1.0000086911836379,0.002814943018983501,nan,nan,0.0028236342026213886,,analysis/fp16_direct_hstar_mse_roberta_20260520_180346
A_seed,roberta-large,sst-5,17,absG_candidate,0.005,14.021429201400597,0.9999971538776846,1.0000031340459437,0.0022523325975240633,0.5331798538308413,0.3125,0.5815756128126264,candidate_not_primary_pass,analysis/fp16_direct_hstar_mse_roberta_20260520_180346
A_seed,roberta-large,sst-5,17,absG_candidate,0.01,11.211955960916821,0.9999993029315158,1.0000010290383383,0.0011269236133354746,nan,nan,0.0011279526516737928,,analysis/fp16_direct_hstar_mse_roberta_20260520_180346
A_seed,roberta-large,sst-5,17,absG,0.0003,18.308295534448792,0.9991116367772549,1.0008759027476775,0.03738056626732393,nan,nan,0.03825646901500139,,analysis/fp16_direct_hstar_mse_roberta_20260520_180346
A_seed,roberta-large,sst-5,17,absG_fixed_0.0003,0.0003,18.308295534448792,,,,,,,diagnostic_only,analysis/fp16_direct_hstar_mse_roberta_20260520_180346
A_seed,roberta-large,sst-5,17,absG_fixed_0.001,0.001,18.072083560889432,,,,,,,diagnostic_only,analysis/fp16_direct_hstar_mse_roberta_20260520_180346
A_seed,roberta-large,sst-5,17,richardsonG_candidate,0.001,18.350154308173572,,,,,,,diagnostic_only,analysis/fp16_direct_hstar_mse_roberta_20260520_180346
A_seed,roberta-large,sst-5,18,absG_candidate,1e-05,20.169902865599695,0.7952797978231814,0.9663636597383742,0.5935608955021421,nan,nan,0.8219174379405865,candidate_not_primary_pass,analysis/fp16_direct_hstar_mse_roberta_20260520_180346
A_seed,roberta-large,sst-5,18,absG_candidate,3e-05,18.212675254197055,0.9414184172245194,1.0197276552133343,0.30571384674542146,nan,nan,0.3740230847342364,candidate_not_primary_pass,analysis/fp16_direct_hstar_mse_roberta_20260520_180346
A_seed,roberta-large,sst-5,18,absG_candidate,0.0001,17.535862958040266,0.992125713687763,1.0072252357550107,0.10903540125453628,nan,nan,0.11626063700954695,candidate_not_primary_pass,analysis/fp16_direct_hstar_mse_roberta_20260520_180346
A_seed,roberta-large,sst-5,18,absG_candidate,0.0003,17.39243253766267,0.9991115652945759,1.0008758845649721,0.03737641612830604,nan,nan,0.03825230069327816,,analysis/fp16_direct_hstar_mse_roberta_20260520_180346
A_seed,roberta-large,sst-5,18,absG_candidate,0.001,17.545574392753334,0.9999226809362065,1.0000804337276845,0.011254576435267482,0.9973430233697661,0.0,0.011335010162951997,,analysis/fp16_direct_hstar_mse_roberta_20260520_180346
A_seed,roberta-large,sst-5,18,absG_candidate,0.0015,17.651204921093917,0.9999662301816025,1.0000345910998885,0.0075040746006045204,0.9914095125139138,0.125,0.03253866570049298,candidate_not_primary_pass,analysis/fp16_direct_hstar_mse_roberta_20260520_180346
A_seed,roberta-large,sst-5,18,absG_candidate,0.002,17.814431727617382,0.9999812754392801,1.0000225090341215,0.0056286481051825744,0.9804333314607544,0.15625,0.06190115713930405,candidate_not_primary_pass,analysis/fp16_direct_hstar_mse_roberta_20260520_180346
A_seed,roberta-large,sst-5,18,absG_candidate,0.003,18.377371226484804,0.999991858295623,1.0000081937846361,0.003752309706798635,nan,nan,0.0037605034914347584,,analysis/fp16_direct_hstar_mse_roberta_20260520_180346
A_seed,roberta-large,sst-5,18,absG_candidate,0.004,19.127641810855817,0.9999954978409067,1.0000087408296376,0.0028154057116826304,nan,nan,0.002824146541320274,,analysis/fp16_direct_hstar_mse_roberta_20260520_180346
A_seed,roberta-large,sst-5,18,absG_candidate,0.005,19.852652704526996,0.9999971488909709,1.000003268333711,0.0022522823448070713,0.6510224412011953,0.28125,0.4324831094773227,candidate_not_primary_pass,analysis/fp16_direct_hstar_mse_roberta_20260520_180346
A_seed,roberta-large,sst-5,18,absG_candidate,0.01,15.80003738225956,0.999999306649782,1.0000010031551956,0.00112603040193285,nan,nan,0.001127033557128428,,analysis/fp16_direct_hstar_mse_roberta_20260520_180346
A_seed,roberta-large,sst-5,18,absG,0.0003,17.39243253766267,0.9991115652945759,1.0008758845649721,0.03737641612830604,nan,nan,0.03825230069327816,,analysis/fp16_direct_hstar_mse_roberta_20260520_180346
A_seed,roberta-large,sst-5,18,absG_fixed_0.0003,0.0003,17.39243253766267,,,,,,,diagnostic_only,analysis/fp16_direct_hstar_mse_roberta_20260520_180346
A_seed,roberta-large,sst-5,18,absG_fixed_0.001,0.001,17.545574392753334,,,,,,,diagnostic_only,analysis/fp16_direct_hstar_mse_roberta_20260520_180346
A_seed,roberta-large,sst-5,18,richardsonG_candidate,0.001,17.45595528113198,,,,,,,diagnostic_only,analysis/fp16_direct_hstar_mse_roberta_20260520_180346
A_seed,roberta-large,sst-5,19,absG_candidate,1e-05,15.359007515434433,0.7952799293957631,0.9663668305719666,0.5935562207737859,nan,nan,0.8219094608060562,candidate_not_primary_pass,analysis/fp16_direct_hstar_mse_roberta_20260520_180346
A_seed,roberta-large,sst-5,19,absG_candidate,3e-05,14.47750805686378,0.9414119731005044,1.0197321372713772,0.3057182496801194,nan,nan,0.37403841385099224,candidate_not_primary_pass,analysis/fp16_direct_hstar_mse_roberta_20260520_180346
A_seed,roberta-large,sst-5,19,absG_candidate,0.0001,15.892389391213625,0.9921257450892507,1.0072256881676327,0.10903624145545086,nan,nan,0.11626192962308356,candidate_not_primary_pass,analysis/fp16_direct_hstar_mse_roberta_20260520_180346
A_seed,roberta-large,sst-5,19,absG_candidate,0.0003,15.760413483574519,0.9991115205992557,1.0008750685998549,0.03737404597729427,nan,nan,0.038249114577149135,,analysis/fp16_direct_hstar_mse_roberta_20260520_180346
A_seed,roberta-large,sst-5,19,absG_candidate,0.001,15.495415821481044,0.999922671268864,1.0000807656486765,0.01125273975974524,0.9969507513549466,0.0,0.01133350540842178,,analysis/fp16_direct_hstar_mse_roberta_20260520_180346
A_seed,roberta-large,sst-5,19,absG_candidate,0.0015,15.214182632636497,0.9999662313325781,1.0000345522979206,0.007503318052078592,0.9871390000952817,0.03125,0.00753787034999919,,analysis/fp16_direct_hstar_mse_roberta_20260520_180346
A_seed,roberta-large,sst-5,19,absG_candidate,0.002,14.880682004143933,0.999981274614137,1.0000227693070634,0.005628702341346645,0.9653223247053495,0.03125,0.0056514716484099975,,analysis/fp16_direct_hstar_mse_roberta_20260520_180346
A_seed,roberta-large,sst-5,19,absG_candidate,0.003,13.983345436656588,0.9999918598930748,1.000008301652178,0.003753162470892462,nan,nan,0.0037614641230703733,,analysis/fp16_direct_hstar_mse_roberta_20260520_180346
A_seed,roberta-large,sst-5,19,absG_candidate,0.004,12.97711006953099,0.9999954949900185,1.0000085919036745,0.002815090712944415,nan,nan,0.0028236826166189413,,analysis/fp16_direct_hstar_mse_roberta_20260520_180346
A_seed,roberta-large,sst-5,19,absG_candidate,0.005,11.332437514034003,0.9999971527866345,1.0000032379042372,0.0022519268987600577,-0.021071080610470864,0.5625,1.3858262454134682,candidate_not_primary_pass,analysis/fp16_direct_hstar_mse_roberta_20260520_180346
A_seed,roberta-large,sst-5,19,absG_candidate,0.01,8.063904754663573,0.9999993053501752,1.000001050972176,0.0011261067002653552,nan,nan,0.0011271576724413085,,analysis/fp16_direct_hstar_mse_roberta_20260520_180346
A_seed,roberta-large,sst-5,19,absG,0.0003,15.760413483574519,0.9991115205992557,1.0008750685998549,0.03737404597729427,nan,nan,0.038249114577149135,,analysis/fp16_direct_hstar_mse_roberta_20260520_180346
A_seed,roberta-large,sst-5,19,absG_fixed_0.0003,0.0003,15.760413483574519,,,,,,,diagnostic_only,analysis/fp16_direct_hstar_mse_roberta_20260520_180346
A_seed,roberta-large,sst-5,19,absG_fixed_0.001,0.001,15.495415821481044,,,,,,,diagnostic_only,analysis/fp16_direct_hstar_mse_roberta_20260520_180346
A_seed,roberta-large,sst-5,19,richardsonG_candidate,0.001,15.700327093926749,,,,,,,diagnostic_only,analysis/fp16_direct_hstar_mse_roberta_20260520_180346
B_task,roberta-large,rte,16,absG_candidate,1e-05,16.43847083546375,0.7952788632687754,0.9663960922279902,0.5935519711645677,nan,nan,0.8218770156678021,candidate_not_primary_pass,analysis/fp16_direct_hstar_mse_roberta_20260520_180346
B_task,roberta-large,rte,16,absG_candidate,3e-05,16.147127794071753,0.9414157716555585,1.0197380033009784,0.30571120709757466,nan,nan,0.3740334387429946,candidate_not_primary_pass,analysis/fp16_direct_hstar_mse_roberta_20260520_180346
B_task,roberta-large,rte,16,absG_candidate,0.0001,15.497582218455499,0.9921271170309984,1.0072307316737077,0.1090435996398417,nan,nan,0.11627433131354939,candidate_not_primary_pass,analysis/fp16_direct_hstar_mse_roberta_20260520_180346
B_task,roberta-large,rte,16,absG_candidate,0.0003,15.326760571964124,0.9991116350756376,1.0008757139783582,0.03737981386875966,nan,nan,0.03825552784711783,,analysis/fp16_direct_hstar_mse_roberta_20260520_180346
B_task,roberta-large,rte,16,absG_candidate,0.001,15.342908944813928,0.9999226798220844,1.0000805865565674,0.011256136384078009,0.9983222517623754,0.0,0.011336722940645406,,analysis/fp16_direct_hstar_mse_roberta_20260520_180346
B_task,roberta-large,rte,16,absG_candidate,0.0015,15.211767224515556,0.9999662331501222,1.0000346044544774,0.007504859835940508,0.9958544756252491,0.03125,0.007539464290417957,,analysis/fp16_direct_hstar_mse_roberta_20260520_180346
B_task,roberta-large,rte,16,absG_candidate,0.002,15.020302553980253,0.9999812775555819,1.0000225252708637,0.005628353470284034,0.9921460504703834,0.0625,0.005650878741147694,,analysis/fp16_direct_hstar_mse_roberta_20260520_180346
B_task,roberta-large,rte,16,absG_candidate,0.003,14.5498955971481,0.9999918574383073,1.0000081934625535,0.0037515725511285845,nan,nan,0.003759766013682125,,analysis/fp16_direct_hstar_mse_roberta_20260520_180346
B_task,roberta-large,rte,16,absG_candidate,0.004,14.12475419778863,0.9999955007003423,1.0000087216983022,0.002813897585323304,nan,nan,0.0028226192836255425,,analysis/fp16_direct_hstar_mse_roberta_20260520_180346
B_task,roberta-large,rte,16,absG_candidate,0.005,13.918103271220767,0.9999971541571326,1.0000031553584214,0.002251468307822627,0.5066279977509119,0.34375,0.6393766259153322,candidate_not_primary_pass,analysis/fp16_direct_hstar_mse_roberta_20260520_180346
B_task,roberta-large,rte,16,absG_candidate,0.01,9.036897133732905,0.9999993025943477,1.0000010142861844,0.001125198376240599,nan,nan,0.0011262126624249744,,analysis/fp16_direct_hstar_mse_roberta_20260520_180346
B_task,roberta-large,rte,16,absG,0.0003,15.326760571964124,0.9991116350756376,1.0008757139783582,0.03737981386875966,nan,nan,0.03825552784711783,,analysis/fp16_direct_hstar_mse_roberta_20260520_180346
B_task,roberta-large,rte,16,absG_fixed_0.0003,0.0003,15.326760571964124,,,,,,,diagnostic_only,analysis/fp16_direct_hstar_mse_roberta_20260520_180346
B_task,roberta-large,rte,16,absG_fixed_0.001,0.001,15.342908944813928,,,,,,,diagnostic_only,analysis/fp16_direct_hstar_mse_roberta_20260520_180346
B_task,roberta-large,rte,16,richardsonG_candidate,0.001,15.450444408425152,,,,,,,diagnostic_only,analysis/fp16_direct_hstar_mse_roberta_20260520_180346
B_task,roberta-large,rte,17,absG_candidate,1e-05,11.549136974154491,0.7952707879628382,0.9663533456073303,0.5935702654363862,nan,nan,0.8219461318662177,candidate_not_primary_pass,analysis/fp16_direct_hstar_mse_roberta_20260520_180346
B_task,roberta-large,rte,17,absG_candidate,3e-05,9.689023709882521,0.9414132228848597,1.019721475962352,0.3057268710488181,nan,nan,0.37403512412631046,candidate_not_primary_pass,analysis/fp16_direct_hstar_mse_roberta_20260520_180346
B_task,roberta-large,rte,17,absG_candidate,0.0001,9.20195790735026,0.9921259988290102,1.0072246588846892,0.10904331497443931,nan,nan,0.11626797385912846,candidate_not_primary_pass,analysis/fp16_direct_hstar_mse_roberta_20260520_180346
B_task,roberta-large,rte,17,absG_candidate,0.0003,9.24453881339986,0.9991116307872068,1.0008759093119168,0.037380738954712125,nan,nan,0.03825664826662896,,analysis/fp16_direct_hstar_mse_roberta_20260520_180346
B_task,roberta-large,rte,17,absG_candidate,0.001,9.113882664837142,0.999922684261231,1.0000805323917756,0.011255776339031917,0.9967818031337412,0.0,0.011336308730807551,,analysis/fp16_direct_hstar_mse_roberta_20260520_180346
B_task,roberta-large,rte,17,absG_candidate,0.0015,9.004043848120896,0.9999662303548857,1.0000345083778845,0.007506134855035642,0.9862900408497032,0.03125,0.007540643232920188,,analysis/fp16_direct_hstar_mse_roberta_20260520_180346
B_task,roberta-large,rte,17,absG_candidate,0.002,8.898550275910878,0.9999812793172564,1.00002257238829,0.005630150324880014,0.9589667570177764,0.09375,0.005652722713170079,,analysis/fp16_direct_hstar_mse_roberta_20260520_180346
B_task,roberta-large,rte,17,absG_candidate,0.003,8.69754847846505,0.9999918579487465,1.0000081278300355,0.0037528445060105607,nan,nan,0.0037609723360460144,,analysis/fp16_direct_hstar_mse_roberta_20260520_180346
B_task,roberta-large,rte,17,absG_candidate,0.004,8.705983731052362,0.9999954974099068,1.000008691180493,0.002814955658126836,nan,nan,0.002823646838619906,,analysis/fp16_direct_hstar_mse_roberta_20260520_180346
B_task,roberta-large,rte,17,absG_candidate,0.005,8.808629860802277,0.999997153858635,1.0000031340518343,0.002252342834257982,0.1312619262958849,0.5625,1.2334935505902074,candidate_not_primary_pass,analysis/fp16_direct_hstar_mse_roberta_20260520_180346
B_task,roberta-large,rte,17,absG_candidate,0.01,8.61058662704067,0.9999993029270797,1.0000010289961099,0.0011269296566749922,nan,nan,0.0011279586527848675,,analysis/fp16_direct_hstar_mse_roberta_20260520_180346
B_task,roberta-large,rte,17,absG,0.0003,9.24453881339986,0.9991116307872068,1.0008759093119168,0.037380738954712125,nan,nan,0.03825664826662896,,analysis/fp16_direct_hstar_mse_roberta_20260520_180346
B_task,roberta-large,rte,17,absG_fixed_0.0003,0.0003,9.24453881339986,,,,,,,diagnostic_only,analysis/fp16_direct_hstar_mse_roberta_20260520_180346
B_task,roberta-large,rte,17,absG_fixed_0.001,0.001,9.113882664837142,,,,,,,diagnostic_only,analysis/fp16_direct_hstar_mse_roberta_20260520_180346
B_task,roberta-large,rte,17,richardsonG_candidate,0.001,9.185660127812563,,,,,,,diagnostic_only,analysis/fp16_direct_hstar_mse_roberta_20260520_180346
B_task,roberta-large,rte,18,absG_candidate,1e-05,13.476483247978463,0.7952787749988638,0.9663630358781479,0.5935624366781883,nan,nan,0.8219206258011766,candidate_not_primary_pass,analysis/fp16_direct_hstar_mse_roberta_20260520_180346
B_task,roberta-large,rte,18,absG_candidate,3e-05,13.028263184298469,0.9414180566565691,1.019727744750155,0.3057150483951898,nan,nan,0.37402473648877566,candidate_not_primary_pass,analysis/fp16_direct_hstar_mse_roberta_20260520_180346
B_task,roberta-large,rte,18,absG_candidate,0.0001,12.71525617316194,0.9921256620402952,1.007225283381826,0.10903588609605852,nan,nan,0.11626116947788456,candidate_not_primary_pass,analysis/fp16_direct_hstar_mse_roberta_20260520_180346
B_task,roberta-large,rte,18,absG_candidate,0.0003,12.396770916802657,0.9991115594073918,1.0008758915411509,0.037376582349562995,nan,nan,0.03825247389071386,,analysis/fp16_direct_hstar_mse_roberta_20260520_180346
B_task,roberta-large,rte,18,absG_candidate,0.001,12.349844766246825,0.9999226804226384,1.0000804340851652,0.011254627259097585,0.9973462670682397,0.0,0.011335061344262811,,analysis/fp16_direct_hstar_mse_roberta_20260520_180346
B_task,roberta-large,rte,18,absG_candidate,0.0015,12.270522265532794,0.9999662299576645,1.0000345913176178,0.00750410573308227,0.9925771810533964,0.0,0.007538697050700119,,analysis/fp16_direct_hstar_mse_roberta_20260520_180346
B_task,roberta-large,rte,18,absG_candidate,0.002,12.076169065698217,0.9999812753151098,1.0000225092908517,0.0056286721484524885,0.9814758700629163,0.03125,0.0056511814393041685,,analysis/fp16_direct_hstar_mse_roberta_20260520_180346
B_task,roberta-large,rte,18,absG_candidate,0.003,11.752516828049288,0.9999918582416831,1.0000081937890422,0.003752327879672085,nan,nan,0.0037605216687142395,,analysis/fp16_direct_hstar_mse_roberta_20260520_180346
B_task,roberta-large,rte,18,absG_candidate,0.004,11.328444620300054,0.9999954978114673,1.0000087408303617,0.002815419273577675,nan,nan,0.0028241601039394057,,analysis/fp16_direct_hstar_mse_roberta_20260520_180346
B_task,roberta-large,rte,18,absG_candidate,0.005,10.997437838439577,0.9999971488718316,1.0000032683733706,0.0022522931940048194,0.6212589806487222,0.21875,0.3997465809186532,candidate_not_primary_pass,analysis/fp16_direct_hstar_mse_roberta_20260520_180346
B_task,roberta-large,rte,18,absG_candidate,0.01,10.757271256610045,0.9999993066449033,1.0000010031564592,0.0011260358256967402,nan,nan,0.001127038982155974,,analysis/fp16_direct_hstar_mse_roberta_20260520_180346
B_task,roberta-large,rte,18,absG,0.0003,12.396770916802657,0.9991115594073918,1.0008758915411509,0.037376582349562995,nan,nan,0.03825247389071386,,analysis/fp16_direct_hstar_mse_roberta_20260520_180346
B_task,roberta-large,rte,18,absG_fixed_0.0003,0.0003,12.396770916802657,,,,,,,diagnostic_only,analysis/fp16_direct_hstar_mse_roberta_20260520_180346
B_task,roberta-large,rte,18,absG_fixed_0.001,0.001,12.349844766246825,,,,,,,diagnostic_only,analysis/fp16_direct_hstar_mse_roberta_20260520_180346
B_task,roberta-large,rte,18,richardsonG_candidate,0.001,12.44106999976303,,,,,,,diagnostic_only,analysis/fp16_direct_hstar_mse_roberta_20260520_180346
C_model,OPT-1.3B,sst-2,16,absG_candidate,1e-05,81.36501464310943,0.9177118699233457,1.0363324196929253,0.3877615901663321,nan,nan,0.4963821399359117,candidate_not_primary_pass,analysis/fp16_direct_hstar_mse_opt1p3b_20260520_182256
C_model,OPT-1.3B,sst-2,16,absG_candidate,3e-05,52.416535071977194,0.9876947103053415,1.0118641780914566,0.15353946154372086,nan,nan,0.16770892932983592,candidate_not_primary_pass,analysis/fp16_direct_hstar_mse_opt1p3b_20260520_182256
C_model,OPT-1.3B,sst-2,16,absG_candidate,0.0001,53.50491610369016,0.9988365854294541,1.0010993936644983,0.04752924574478007,nan,nan,0.04862863940927836,,analysis/fp16_direct_hstar_mse_opt1p3b_20260520_182256
C_model,OPT-1.3B,sst-2,16,absG_candidate,0.0003,53.61292468847972,0.9998681805223937,1.000118248572536,0.015910700886594593,nan,nan,0.016028949459130543,,analysis/fp16_direct_hstar_mse_opt1p3b_20260520_182256
C_model,OPT-1.3B,sst-2,16,absG_candidate,0.001,53.239156623120394,0.9999884484979167,1.0000154941415444,0.0047760929387566445,0.9834493729112735,0.0,0.004791587080301092,,analysis/fp16_direct_hstar_mse_opt1p3b_20260520_182256
C_model,OPT-1.3B,sst-2,16,absG_candidate,0.0015,53.59796534385439,0.9999949462939669,1.0000050746629738,0.0031838874400072084,0.9156619545829888,0.09375,0.0031889621029810447,,analysis/fp16_direct_hstar_mse_opt1p3b_20260520_182256
C_model,OPT-1.3B,sst-2,16,absG_candidate,0.002,52.736979734795426,0.9999971876650118,1.0000070832263996,0.0023880623822579907,0.6418016898012114,0.15625,0.3168434558074462,candidate_not_primary_pass,analysis/fp16_direct_hstar_mse_opt1p3b_20260520_182256
C_model,OPT-1.3B,sst-2,16,absG_candidate,0.003,49.28336749539755,0.9999987700072044,1.0000008719784819,0.0015916444153624351,nan,nan,0.0015925163938442996,,analysis/fp16_direct_hstar_mse_opt1p3b_20260520_182256
C_model,OPT-1.3B,sst-2,16,absG_candidate,0.004,43.47681304020391,0.9999993167076741,1.0000050549424748,0.001194061544353199,nan,nan,0.0011991164868280237,,analysis/fp16_direct_hstar_mse_opt1p3b_20260520_182256
C_model,OPT-1.3B,sst-2,16,absG_candidate,0.005,46.58592273558347,0.9999995607661992,1.0000007191012577,0.0009555916046512136,0.6554514190213387,0.21875,0.36425489168457015,candidate_not_primary_pass,analysis/fp16_direct_hstar_mse_opt1p3b_20260520_182256
C_model,OPT-1.3B,sst-2,16,absG_candidate,0.01,29.055772248875627,0.9999998842979738,1.0000004607086919,0.00047770464765072924,nan,nan,0.0004781653563425921,,analysis/fp16_direct_hstar_mse_opt1p3b_20260520_182256
C_model,OPT-1.3B,sst-2,16,absG,0.0001,53.50491610369016,0.9988365854294541,1.0010993936644983,0.04752924574478007,nan,nan,0.04862863940927836,,analysis/fp16_direct_hstar_mse_opt1p3b_20260520_182256
C_model,OPT-1.3B,sst-2,16,absG_fixed_0.0003,0.0003,53.61292468847972,,,,,,,diagnostic_only,analysis/fp16_direct_hstar_mse_opt1p3b_20260520_182256
C_model,OPT-1.3B,sst-2,16,absG_fixed_0.001,0.001,53.239156623120394,,,,,,,diagnostic_only,analysis/fp16_direct_hstar_mse_opt1p3b_20260520_182256
C_model,OPT-1.3B,sst-2,16,richardsonG_candidate,0.001,53.587396377005604,,,,,,,diagnostic_only,analysis/fp16_direct_hstar_mse_opt1p3b_20260520_182256
C_model,OPT-1.3B,sst-2,17,absG_candidate,1e-05,72.64013096603857,0.9177123216023002,1.0363332785420196,0.3877642203990873,nan,nan,0.4963851773388067,candidate_not_primary_pass,analysis/fp16_direct_hstar_mse_opt1p3b_20260520_182256
C_model,OPT-1.3B,sst-2,17,absG_candidate,3e-05,58.73721612969789,0.9876945859576862,1.011864992060767,0.15354652325220758,nan,nan,0.1677169293552883,candidate_not_primary_pass,analysis/fp16_direct_hstar_mse_opt1p3b_20260520_182256
C_model,OPT-1.3B,sst-2,17,absG_candidate,0.0001,53.54852418071902,0.9988365018635869,1.0010986056273539,0.0475344639342819,nan,nan,0.04863306956163577,,analysis/fp16_direct_hstar_mse_opt1p3b_20260520_182256
C_model,OPT-1.3B,sst-2,17,absG_candidate,0.0003,56.268472933817115,0.9998681680152319,1.0001178976735323,0.015909844631165022,nan,nan,0.01602774230469734,,analysis/fp16_direct_hstar_mse_opt1p3b_20260520_182256
C_model,OPT-1.3B,sst-2,17,absG_candidate,0.001,53.895264420606466,0.999988451061494,1.000015500054269,0.004775861893244084,0.9756801481042132,0.03125,0.004791361947513064,,analysis/fp16_direct_hstar_mse_opt1p3b_20260520_182256
C_model,OPT-1.3B,sst-2,17,absG_candidate,0.0015,53.33979292165421,0.9999949420952373,1.0000050893874657,0.003184718139827042,0.8444043732642678,0.21875,0.17753543426302498,candidate_not_primary_pass,analysis/fp16_direct_hstar_mse_opt1p3b_20260520_182256
C_model,OPT-1.3B,sst-2,17,absG_candidate,0.002,54.2311598359844,0.9999971916897747,1.0000070909434888,0.002389102752080382,0.5885181181019619,0.375,0.5888780755936074,candidate_not_primary_pass,analysis/fp16_direct_hstar_mse_opt1p3b_20260520_182256
C_model,OPT-1.3B,sst-2,17,absG_candidate,0.003,56.268711439805855,0.9999987741258186,1.0000009101295873,0.0015923423020134523,nan,nan,0.0015932524316007027,,analysis/fp16_direct_hstar_mse_opt1p3b_20260520_182256
C_model,OPT-1.3B,sst-2,17,absG_candidate,0.004,58.08790672559088,0.9999993109151122,1.000005040638475,0.0011946858042475405,nan,nan,0.0011997264427226029,,analysis/fp16_direct_hstar_mse_opt1p3b_20260520_182256
C_model,OPT-1.3B,sst-2,17,absG_candidate,0.005,81.26768505696901,0.999999560022211,1.000000723057937,0.0009557632737471009,0.5051765233561992,0.40625,0.7020299629754849,candidate_not_primary_pass,analysis/fp16_direct_hstar_mse_opt1p3b_20260520_182256
C_model,OPT-1.3B,sst-2,17,absG_candidate,0.01,51.15019223259526,0.9999998820384203,1.0000004611698756,0.0004781725338141188,nan,nan,0.0004786337036897395,,analysis/fp16_direct_hstar_mse_opt1p3b_20260520_182256
C_model,OPT-1.3B,sst-2,17,absG,0.0001,53.54852418071902,0.9988365018635869,1.0010986056273539,0.0475344639342819,nan,nan,0.04863306956163577,,analysis/fp16_direct_hstar_mse_opt1p3b_20260520_182256
C_model,OPT-1.3B,sst-2,17,absG_fixed_0.0003,0.0003,56.268472933817115,,,,,,,diagnostic_only,analysis/fp16_direct_hstar_mse_opt1p3b_20260520_182256
C_model,OPT-1.3B,sst-2,17,absG_fixed_0.001,0.001,53.895264420606466,,,,,,,diagnostic_only,analysis/fp16_direct_hstar_mse_opt1p3b_20260520_182256
C_model,OPT-1.3B,sst-2,17,richardsonG_candidate,0.001,53.82267416968571,,,,,,,diagnostic_only,analysis/fp16_direct_hstar_mse_opt1p3b_20260520_182256
