global_step,eps,zo_two_point_precision,fd_mean,td_mean,td_u2_mean_debug,mae,mse,rmse,sign_acc,corr,mae_u2_debug,mse_u2_debug,rmse_u2_debug,sign_acc_u2_debug,corr_u2_debug,probe_num_seeds
200,1e-05,fp16,19.407272338867188,-0.452083945274353,-0.4142319858074188,111.87622919678688,17684.575266532243,132.98336462329505,0.5625,0.20699122779280385,111.95984426140785,17695.909497778095,133.025973019475,0.5625,0.2019367753201669,16
400,1e-05,fp16,3.4332275390625,4.060208171606064,4.0775315053761005,64.93434402346611,6575.0250252744245,81.08652801344022,0.5625,-0.19055536937762818,64.96243702247739,6572.042901118948,81.06813739761725,0.5625,-0.1896358802701109,16
600,1e-05,fp16,6.771087646484375,2.101713240146637,2.034981057047844,146.6500250697136,35485.43812804399,188.37578965473242,0.4375,-0.27581787728340684,146.58313877880573,35464.64912071605,188.32060195505974,0.4375,-0.27341314813925477,16
800,1e-05,fp16,13.113021850585938,3.226874738931656,3.348732203245163,147.85185304284096,32347.56787799177,179.854296245577,0.5625,0.2536212030958979,147.6454595029354,32304.77994149881,179.73530521714093,0.5625,0.2586345488801119,16
1000,1e-05,fp16,161.60011291503906,7.288939896970987,7.5932478457689285,218.39236569032073,78816.72769867204,280.7431703508957,0.6875,0.0019797237765015476,218.293795093894,78712.98811159295,280.5583506360004,0.6875,0.0026322812942478316,16
1200,1e-05,fp16,47.25456237792969,9.072920098900795,9.174972020089626,152.79249446094036,31671.84998716579,177.96586747791216,0.5,0.17915401765634967,152.9027745500207,31720.91220714969,178.1036557938935,0.5,0.17108592733968064,16
1400,1e-05,fp16,64.61143493652344,6.114585310220718,6.005037661641836,315.1898178756237,141425.59259771497,376.06594182099894,0.375,-0.24033207306146756,315.06931484118104,141233.49020520336,375.8104445131925,0.375,-0.2297488480767234,16
1600,1e-05,fp16,0.7867813110351562,0.8063715100288391,0.9581418335437775,173.07661056518555,59100.82447720605,243.10661133997579,0.625,0.4707082677997438,173.01750069856644,59061.708543967776,243.02614786061145,0.625,0.47352463733774813,16
1800,1e-05,fp16,401.61609649658203,4.065583407878876,3.9010213762521744,397.73696607351303,207121.5175713769,455.10605090613427,0.5625,0.30509334941188315,398.03605358302593,207253.83030623596,455.2513924264658,0.5625,0.3051993625358749,16
